{
  "f_res_GHz": 2.4725,
  "s11_min_dB": -27.470363287507983,
  "bw_10dB_MHz": 57.50000000000011,
  "bw_low_GHz": 2.445,
  "bw_high_GHz": 2.5025,
  "wall_time_min": 1.5128816723823548
}